number,domain,classification
1,smashsportsbetting.com,illegal
2,www.proline.ca,illegal
3,sport.synottip.cz,illegal
4,betflash.co.za,illegal
5,www.betfreesports.com,illegal
6,topbet.eu,illegal
7,10bet.com,illegal
8,www.bola88.com,illegal
9,www.pokerstars.cz,illegal
10,www.lotto-centrum.com,illegal
11,energycasino.com,illegal
12,queenvegas.com,illegal
13,sport.netbet.co.uk,illegal
14,betive.com,illegal
15,interbet.co.za,illegal
16,casinowinner.com,illegal
17,promotions.wildcasino.ag,illegal
18,luckyniki.com,illegal
19,www.liga365.com,illegal
20,pocketvegas.co.uk,illegal
21,rikstoto.no,illegal
22,morganbet.eu,illegal
23,www.drakecasino.eu,illegal
24,bingo.com,illegal
25,betgoto.com,illegal
26,www.geoff-banks.com,illegal
27,www.lottery.ie,illegal
28,www.bettingexpress.com,illegal
29,allstarbet.com,illegal
30,www.377bet.com,illegal
31,titanbet.com,illegal
32,csgodices.com,illegal
33,www.grandeaglecasino.com,illegal
34,www.leojackpot.com,illegal
35,www.chanz.com,illegal
36,www.vipsports.eu,illegal
37,megalotto.pl,illegal
38,www.heavenbet.com,illegal
39,www.zeturf.fr,illegal
40,www.betredkings.com,illegal
41,oddsring.com,illegal
42,www.casimba.com,illegal
43,www.lotto24bingo.com,illegal
44,www.loterie.ma,illegal
45,www.betcc.com,illegal
46,www.toto.bg,illegal
47,www.bet90.com,illegal
48,www.dreamvegas.com,illegal
49,casilando.com,illegal
50,www.lotto-sh.de,illegal
51,www.admiralspot.com,illegal
52,gotosportsbook.com,illegal
53,www.diegocasino.com,illegal
54,www.vwin.com,illegal
55,www.csgoblackjack.com,illegal
56,partypoker.cz,illegal
57,www.betprestige.com,illegal
58,www.leovegas.com,illegal
59,fullbetter.com,illegal
60,www.duelz.com,illegal
101,etipos.sk,illegal
102,speedybet.com,illegal
103,www.rb88.com,illegal
104,madbookie.com.au,illegal
105,www.nlb.lk,illegal
106,www.parionssport.fdj.fr,illegal
107,88asia88.com,illegal
108,www.multipasko.pl,illegal
109,betpanther.com,illegal
110,www.geobet.com,illegal
111,mr.bet,illegal
112,www.rikstoto.no,illegal
113,stoloto.ru,illegal
114,lottery.ie,illegal
115,sports.betway.com,illegal
116,score99.net,illegal
117,kasinot.fi,illegal
118,betinternet.com,illegal
119,www.speedybet.com,illegal
120,betrebels.com,illegal
121,betgolf.com.au,illegal
122,www.etopaz.az,illegal
123,bet.hkjc.com,illegal
124,www.faber.de,illegal
125,www.casinocalzone.com,illegal
126,bettor.com,illegal
127,www.betngo.com,illegal
128,kaszinoonline.net,illegal
129,gobetgo.com,illegal
130,www.gr88.com,illegal
131,www.spinland.com,illegal
132,www.hajper.com,illegal
133,www.amcleanbookmakers.com,illegal
134,www.betsafe.com,illegal
135,www.sportingindex.com,illegal
136,thebettingguy.co.uk,illegal
137,skytowersportsbook.com,illegal
138,www.csgochance.com,illegal
139,www.dream11.com,illegal
140,www.pro-factory.com,illegal
141,www.worldwidegamble.com,illegal
142,templenile.com,illegal
143,snabbare.com,illegal
144,www.heritagesports.eu,illegal
145,www.riverbellecasino.com,illegal
146,casinobitco.in,illegal
147,livebetting.bwin.com,illegal
148,www.championsbet.net,illegal
149,www.bitsaloon.com,illegal
150,www.slotocash.im,illegal
151,22bet.com,illegal
152,www.primeslots.com,illegal
153,mrgreen.com,illegal
154,www.444sports.com,illegal
155,bobetting.com,illegal
156,sportsbet.io,illegal
201,www.igame.se,illegal
202,www.skinbet.com,illegal
203,plus.betway.com,illegal
204,bestbet.com,illegal
205,ezbets.ag,illegal
206,www.latloto.lv,illegal
207,glimmercasino.com,illegal
208,www.allhorseracing.ag,illegal
209,www.macaubet.com,illegal
210,www.vision11.in,illegal
211,bettropics.com,illegal
212,wwin.ba,illegal
213,www.colossusbets.com,illegal
214,www.chisholmbet.com,illegal
215,www.getlucky.com,illegal
216,www.betcanadian.com,illegal
217,www.livelounge.com,illegal
218,lotenal.gob.mx,illegal
219,kashmobet.com,illegal
220,88winners.com,illegal
221,wixstars.com,illegal
222,betcascade.com,illegal
223,www.casumo.com,illegal
224,www.sverigecasino.com,illegal
225,hajper.com,illegal
226,paf.com,illegal
227,www.captaincookscasino.eu,illegal
228,bet3000.com,illegal
229,fanduel.com,illegal
230,e-stave.com,illegal
231,www.slotsheaven.com,illegal
232,www.eloterija.si,illegal
233,slotsheaven.com,illegal
234,21casino.com,illegal
235,www.lowvig.ag,illegal
236,www.oddsmaker.ag,illegal
237,www.bodugi.com,illegal
238,mpi.gov.tr,illegal
239,bestbettoday.com,illegal
240,gamebookers.com,illegal
241,svenskaspel.se,illegal
242,betcityru.com,illegal
243,www.leisure888.com,illegal
244,giocoreale.com,illegal
245,www.mysportsbook.ag,illegal
246,betway.com,illegal
247,spreadex.com,illegal
248,mysportsbook.ag,illegal
249,www.bet1128.com,illegal
250,skedina.com,illegal
251,noxwin.com,illegal
252,casinostugan.com,illegal
253,betprimetime.com,illegal
254,mozzartbet.com,illegal
255,casinocalzone.com,illegal
256,www.cricketbetlive.com,illegal
257,www.metalcasino.com,illegal
258,desertnightscasino.co.uk,illegal
259,www.btcsportsbet.com,illegal
260,www.cbmsport.com,illegal
261,jojobet.com,illegal
262,www.justbet.co.za,illegal
263,chisholmbet.com,illegal
264,betstar.com.au,illegal
265,coral.co.uk,illegal
266,32redsport.com,illegal
267,www.my11circle.com,illegal
268,www.macau-slot.com,illegal
301,www.chancehill.com,illegal
302,www.p7campaign.com,illegal
303,etopaz.az,illegal
304,www.mobocasino.com,illegal
305,jackpotvillage.com,illegal
306,www.tonybet.com,illegal
307,butterflybingo.com,illegal
308,betswar.com,illegal
309,sssbet.com,illegal
310,hypercasino.com,illegal
311,mylotto.co.nz,illegal
312,lmbookmaker.com,illegal
313,redspins.com,illegal
314,primeslots.com,illegal
315,www.betcityru.com,illegal
316,vipsports.eu,illegal
317,betrockit.com,illegal
318,cricketbetlive.com,illegal
319,www.kingneptunescasino.eu,illegal
320,sazka.cz,illegal
321,nostrabet.com,illegal
322,www.sanfrancasino.com,illegal
323,www.wagerweb.ag,illegal
324,betphoenix.ag,illegal
325,www.elitebetkenya.com,illegal
326,www.alphadraft.com,illegal
327,www.2betab.com,illegal
328,www.allstarbet.com,illegal
329,scandibet.com,illegal
330,www.pinnacle.com,illegal
331,bestsportslines.com,illegal
332,www.spincasino.com,illegal
333,mrplay.com,illegal
334,www.planetwin365.com,illegal
335,opcrates.com,illegal
336,rubet.com,illegal
337,dreamjackpot.com,illegal
338,www.bet2290.com,illegal
339,spinland.com,illegal
340,eloterija.si,illegal
341,samvo.com,illegal
342,www.efirbet.com,illegal
343,www.loto.ro,illegal
344,www.szuperlotto.com,illegal
345,betjambo.com,illegal
346,www.smashsportsbetting.com,illegal
347,www.golazobet.com,illegal
348,www.kingschancecampaign.com,illegal
349,www.cherrycasino.com,illegal
350,loro.ch,illegal
351,www.klasselotteriet.dk,illegal
352,www.sbgglobal.eu,illegal
353,bestcasino.com,illegal
354,www.codeta.com,illegal
355,www.esball.net,illegal
356,www.bigbetworld.com,illegal
357,www.playamo.com,illegal
358,draftkings.com,illegal
359,www.intertops.eu,illegal
360,leojackpot.com,illegal
361,www.magnum4d.my,illegal
362,betspawn.com,illegal
363,arena-bet.com,illegal
364,www.euroslots.com,illegal
401,www.totobet.com,illegal
402,www.tipos.sk,illegal
403,montecarlocasino.com,illegal
404,synottip.cz,illegal
405,casinolasvegas.no,illegal
406,www.eurobet.bg,illegal
407,circlebet.com,illegal
408,enterbet.com,illegal
409,dialabet.com.au,illegal
410,kingswaybingoonline.com,illegal
411,simppeli.com,illegal
412,betline.com,illegal
413,betprestige.com,illegal
414,leonbets.net,illegal
415,www.mariacasino.com,illegal
416,wishmaker.com,illegal
417,prontocasino.com,illegal
418,www.dlb.lk,illegal
419,oneto11.com,illegal
420,www.luckylouis.com,illegal
421,www.doribet.com,illegal
422,www.sportsbook.ag,illegal
423,borgataonline.com,illegal
424,www.lumibet.com,illegal
425,www.cashmio.com,illegal
426,www.lincolncasino.eu,illegal
427,www.sportsbet.co.za,illegal
428,www.betbuckeyesports.com,illegal
429,justbet.cx,illegal
430,666casino.com,illegal
431,www.csgopull.com,illegal
432,www.m8bet.net,illegal
433,www.lotto-thueringen.de,illegal
434,esball.net,illegal
435,proline.ca,illegal
436,nordicbet.com,illegal
437,www.atg.se,illegal
438,betpci.com,illegal
439,poker.synottip.cz,illegal
440,www.crsportsbet.ag,illegal
441,heavenbet.com,illegal
442,21prive.com,illegal
443,lotto24bingo.com,illegal
444,www.legendsportsbook.com,illegal
445,www.queenvegas.com,illegal
446,www.superusacasino.com,illegal
447,www.link2bet.com,illegal
448,www.hollywoodsportsbook.eu,illegal
449,www.oddsshark.com,illegal
450,www.betdaq.com,illegal
451,titansbet.com.au,illegal
452,www.folkeautomaten.com,illegal
453,jinglebingo.com,illegal
454,lippybingo.com,illegal
455,getabet.com,illegal
456,mariacasino.com,illegal
457,dadobet.com,illegal
458,casinoroom.com,illegal
501,centrebet.com,illegal
502,casinsi.com,illegal
503,wizardofodds.com,illegal
504,sportstoto.com.my,illegal
505,www.howzat.com,illegal
506,skinprofit.com,illegal
507,www.scasino.com,illegal
508,ohiocasino.com,illegal
509,www.jaxx.com,illegal
510,www.bingo.com,illegal
511,www.tabgold.co.za,illegal
512,pokerstars.eu,illegal
513,www.ifortuna.cz,illegal
514,www.pariscasino8.com,illegal
515,www.betrevolution.com,illegal
516,faber.de,illegal
517,www.globalwagering.ws,illegal
518,luckycharmbingo.com,illegal
519,www.playersonly.ag,illegal
520,luckyland.co.uk,illegal
521,www.bettvs.com,illegal
522,pokerstars.cz,illegal
523,sportsbettingonline.ag,illegal
524,www.loonybingo.com,illegal
525,www.betrebels.com,illegal
526,www.nordicbet.com,illegal
527,emeraldbet.com,illegal
528,sportfanatik.com,illegal
529,www.betive.com,illegal
530,www.21casino.com,illegal
531,www.gohorsebetting.ag,illegal
532,www.vacasino.com,illegal
533,www.villento.com,illegal
534,www.markjarvisbet.com,illegal
535,ehorse.com,illegal
536,leovegas.com,illegal
537,www.citybingo.com,illegal
538,www.titansbet.com.au,illegal
539,lotto.is,illegal
540,circusbingo.com,illegal
541,csgoshuffle.com,illegal
542,eqraffle.com,illegal
543,www.betowi.com,illegal
544,pinnacle.com,illegal
545,www.miamidice.com,illegal
546,bet90.com,illegal
547,www.yobetit.com,illegal
548,energybet.com,illegal
549,statusbet.com,illegal
550,betmclean.com,illegal
551,www.score99.net,illegal
552,sanfrancasino.com,illegal
553,celebbingo.com,illegal
554,sports.br.betboo.com,illegal
555,www.enterbet.com,illegal
556,www.ukcasinoclub.eu,illegal
557,smarkets.com,illegal
558,www.swedencasino.com,illegal
559,88sports.com,illegal
560,folkeautomaten.com,illegal
561,getlucky.com,illegal
562,www.bodog888.com,illegal
563,parasino.com,illegal
564,www.sportsbettingonline.ag,illegal
565,www.bet2win.ag,illegal
566,www.totalbets.com,illegal
567,www.2betesi.com,illegal
601,www.5dimes.com,illegal
602,www.wilsonbet.com,illegal
603,ironbet.com,illegal
604,www.norgesspill.com,illegal
605,www.leonbets.net,illegal
606,playgrandcasino.com,illegal
607,vegas.hu,illegal
608,verajohn.com,illegal
609,www.bgbet.com,illegal
610,www.csgo777.com,illegal
611,www.uk-k8.com,illegal
612,www.mychance.com,illegal
613,www.22betpartners.com,illegal
614,www.mrringo.com,illegal
615,forsportspicks.com,illegal
616,betusa.ag,illegal
617,www.inbet88.com,illegal
618,www.interbet.co.za,illegal
619,fastbet.com,illegal
620,sportsbet.co.za,illegal
621,lottery.olg.ca,illegal
622,eestiloto.ee,illegal
623,www.expekt.com,illegal
624,mobocasino.com,illegal
625,sportsbetting.ag,illegal
626,www.betbyrne.com,illegal
627,www.ibetcasino.com,illegal
628,b-bets.com,illegal
629,wgh.ag,illegal
630,ladbrokes.com,illegal
631,377bet.com,illegal
632,www.betland.com,illegal
633,batball11.com,illegal
634,fikacasino.com,illegal
635,www.csgowealth.com,illegal
636,www.gutshot.com,illegal
637,tonybet.com,illegal
638,www.alohasportsbook.com,illegal
639,bet33.com,illegal
640,rush777.com,illegal
641,www.slotplanet.com,illegal
642,www.casinoandfriends.com,illegal
643,nairastake.com,illegal
644,betcanadian.com,illegal
645,www.wildcasino.ag,illegal
646,www.loterija.si,illegal
647,www.betuniq.eu,illegal
648,kingneptunescasino.eu,illegal
649,livecasino.betway.com,illegal
650,www.miamidicecasino.com,illegal
651,skinbet.com,illegal
652,www.wildsultan.com,illegal
653,monacoaces.com,illegal
654,americasbookie.com,illegal
655,www.bestbet.com,illegal
656,www.freakyvegas.com,illegal
657,igame.se,illegal
658,www.marathonbet.com,illegal
701,www.norsk-tipping.no,illegal
702,genesiscasino.com,illegal
703,gwbet.com,illegal
704,www.a23.com,illegal
705,cherrycasino.com,illegal
706,candyshopbingo.com,illegal
707,betaland.com,illegal
708,www.cupcakebingo.com,illegal
709,www.topplay.cc,illegal
710,www.betplatinum.ag,illegal
711,www.celebbingo.com,illegal
712,sblp.intertops.eu,illegal
713,www.lasvegassportsbetting.com,illegal
714,secure.bkbet.eu,illegal
715,completesportsbetting.com.au,illegal
716,www.playojo.com,illegal
717,www.supabets.com.gh,illegal
718,vernons.com,illegal
719,gotocasino.com,illegal
720,12bet.com,illegal
721,tipos.sk,illegal
722,geobet.com,illegal
723,loterie-nationale.be,illegal
724,www.louisvillecasino.com,illegal
725,klasselotteriet.dk,illegal
726,www.loteria.com.ec,illegal
727,www.topwin.cc,illegal
728,www.winzogames.com,illegal
729,www.betpanther.com,illegal
730,www.odinbet.com,illegal
731,sisportsbook.com,illegal
732,sports.gamebookers.com,illegal
733,www.bitcoinrush.io,illegal
734,pinnaclesports.com,illegal
735,csgoskins.com,illegal
736,www.skybook.ag,illegal
737,www.eqraffle.com,illegal
738,india-wheel.pu020ev.com,illegal
739,betpop.eu,illegal
740,www.1stlines.com,illegal
741,www.genesiscasino.com,illegal
742,betgun.com,illegal
743,www.sportsbettingdime.com,illegal
744,www.pokerstars.uk,illegal
745,2winbet.gr,illegal
746,www.bulletbets.com,illegal
747,www.csgojackpot.com,illegal
748,tipico.com,illegal
749,costabingo.com,illegal
750,www.fdj.fr,illegal
751,magnum4d.my,illegal
752,www.damacai.com.my,illegal
753,www.redmilebets.com,illegal
754,www.dccasino.com,illegal
755,casino.betway.com,illegal
756,www.wager7.eu,illegal
757,www.mobil6000.com,illegal
801,www.stoloto.ru,illegal
802,bet.co.za,illegal
803,www.winmasters.com,illegal
804,betbuckeyesports.com,illegal
805,www.betmyline.com,illegal
806,www.blackdiamond4u.com,illegal
807,www.spartansslots.net,illegal
808,heritagesports.eu,illegal
809,betrivers.com,illegal
810,www.playfrank.com,illegal
811,www.youwager.eu,illegal
812,www.betdon.com,illegal
813,www.bet3000.com,illegal
814,planetofbets.com,illegal
815,www.ikibu.com,illegal
816,nationale-loterij.be,illegal
817,seangraham.com,illegal
818,codeta.com,illegal
819,m8bet.net,illegal
820,www.casinotown.se,illegal
821,www.hippobingo.com,illegal
822,www.ehorse.com,illegal
823,www.slotsmillion.com,illegal
824,lasatlantispromos.com,illegal
825,www.betgoto.com,illegal
826,www.nostrabet.com,illegal
827,www.worldofsport.co.za,illegal
828,www.heyspin.com,illegal
829,www.linesmaker.eu,illegal
830,bitsaloon.com,illegal
831,toto.bg,illegal
832,www.casinolasvegas.com,illegal
833,ovocasino.com,illegal
834,nightrush.com,illegal
835,usbetting.co.za,illegal
836,www.americanfootballbetting.com,illegal
837,www.bigcitysportsbook.com,illegal
838,sbgglobal.eu,illegal
839,dhoze.com,illegal
840,www.mpcasino.com,illegal
841,spinzilla.com,illegal
842,www.sportsbetting.ag,illegal
843,www.csgospeed.com,illegal
844,www.sportsbook.com,illegal
845,rb88.com,illegal
846,betmgm.com,illegal
847,justforbettors.com,illegal
848,betonline.ag,illegal
849,www.playbet.com,illegal
850,luckland.com,illegal
851,www.mylotto.co.nz,illegal
852,www.winner.co.uk,illegal
853,lotto.mthai.com,illegal
854,skinhell.com,illegal
855,lotto-centrum.com,illegal
856,youwager.eu,illegal
857,lightbet.com,illegal
858,www.cheekywin.com,illegal
859,www.luckymeslots.com,illegal
860,purepoker.eu,illegal
861,btcsportsbet.com,illegal
862,lottomax.ca,illegal
863,www.doxxbet.com,illegal
864,betfreesports.com,illegal
865,sportsbook.caesars.com,illegal
901,www.arena-bet.com,illegal
902,redmilebets.com,illegal
903,www.spinson.com,illegal
904,norgesspill.com,illegal
905,www.180bets.com,illegal
906,www.gotosportsbook.com,illegal
907,orlandocasino.com,illegal
908,www.mpl.us,illegal
909,www.csgoshuffle.com,illegal
910,www.coral.co.uk,illegal
911,www.lippybingo.com,illegal
912,www.777.com,illegal
913,www.box24games.com,illegal
914,www.mrwin.com,illegal
915,www.nairastake.com,illegal
916,sverigeautomaten.com,illegal
917,www.noxwin.com,illegal
918,www.skytowersportsbook.com,illegal
919,lotto-berlin.de,illegal
920,www.sveacasino.se,illegal
921,www.monacoaces.com,illegal
922,www.orakulas.lt,illegal
923,dakotacasino.com,illegal
924,bethard.com,illegal
925,www.olgslotsandcasinos.ca,illegal
926,start.duelz.com,illegal
927,www.24bettle.com,illegal
928,lionbet.com,illegal
929,olybet.com,illegal
930,www.topbet.eu,illegal
931,www.betfred.com,illegal
932,www.lapalingo.com,illegal
933,daisybingo.com,illegal
934,esportsbetting.com,illegal
935,www.mobilebet.com,illegal
936,carbonsports.ag,illegal
937,www.intercasino.com,illegal
938,www.opap.gr,illegal
939,www.fun88.co.uk,illegal
940,lookbingo.com,illegal
941,macaubet.com,illegal
942,www.primedice.com,illegal
943,www.unibet.co.uk,illegal
944,myfab11.com,illegal
945,www.needforbet.com,illegal
946,www.win29.com,illegal
947,www.loto.mk,illegal
948,netbet.com,illegal
949,www.mrslot.com,illegal
950,vierklee.com,illegal
951,www.lookbingo.com,illegal
952,fruitycasa.com,illegal
953,www.cupcakebingo.co.uk,illegal
954,win29.com,illegal
955,www.mrmega.com,illegal
956,www.guru11.com,illegal
957,www.casinoheroes.com,illegal
958,www.ridika.com,illegal
959,justbet.co.za,illegal
1001,liga365.com,illegal
1002,www.saharabet.com,illegal
1003,betsbi.com,illegal
1004,1xbet.com,illegal
1005,www.tortugacasino.com,illegal
1006,www.docbet.com,illegal
1007,zodiacu.com,illegal
1008,csgo-jackpots.com,illegal
1009,betdna.com,illegal
1010,www.lotoquebec.com,illegal
1011,inbet88.com,illegal
1012,needforbet.com,illegal
1013,www.videoslots.com,illegal
1014,loteria.com.ec,illegal
1015,www.betjambo.com,illegal
1016,www.mummysgold.com,illegal
1017,betpack.com,illegal
1018,yobetit.com,illegal
1019,gambling.com,illegal
1020,www.skinhell.com,illegal
1021,sectorbet.com,illegal
1022,www.betinternet.com,illegal
1023,www.blackjackballroom.eu,illegal
1024,www.bettor.com,illegal
1025,www.parxcasino.com,illegal
1026,lsbet.com,illegal
1027,www.kaiserslots.com,illegal
1028,triobet.com,illegal
1029,www.matchbook.com,illegal
1030,www.circlebet.com,illegal
1031,betredkings.com,illegal
1032,maxitip.cz,illegal
1033,miamidice.com,illegal
1034,www.betmonarch.com,illegal
1035,csgobooth.com,illegal
1036,vandersports.com,illegal
1037,www.lionbet.com,illegal
1038,www.cshub.net,illegal
1039,betcostarica.ag,illegal
1040,pikakasino.com,illegal
1041,betdsi.eu,illegal
1042,www.royalpanda.com,illegal
1043,www.justbet.co,illegal
1044,de.888casino.com,illegal
1045,lumibet.com,illegal
1046,www.seangraham.com,illegal
1047,cshub.net,illegal
1048,www.fullbetter.com,illegal
1049,bestecasino.com,illegal
1050,leisure888.com,illegal
1051,livebetting.com,illegal
1052,betcatalinasports.com,illegal
1053,easytowager.com,illegal
1054,betmyline.com,illegal
1055,www.hanplayer.com,illegal
1056,csgojackpot.com,illegal
1057,ikibu.com,illegal
1058,csgoreaper.com,illegal
1059,nationallottery.co.za,illegal
1060,cafecasino.lv,illegal
1061,superusacasino.com,illegal
1101,jammyduck.com,illegal
1102,www.spinzilla.com,illegal
1103,supabets.com.gh,illegal
1104,csgoparty.com,illegal
1105,www.thelotter.com,illegal
1106,www.forsportspicks.com,illegal
1107,www.hughesbet.com,illegal
1108,www.nyspins.com,illegal
1109,betepic.com,illegal
1110,www.stakers.com,illegal
1111,www.legolas.bet,illegal
1112,www.olimp.com,illegal
1113,www.samvo.com,illegal
1114,totobet.com,illegal
1115,wilsonbet.com,illegal
1116,www.bookmaker.eu,illegal
1117,www.instantactionsports.com,illegal
1118,www.mozzartbet.com,illegal
1119,www.frankfred.com,illegal
1120,loto.mk,illegal
1121,www.betsocial.net,illegal
1122,www.jeet11.com,illegal
1123,www.hrwager.ag,illegal
1124,www.mybcasino.ag,illegal
1125,www.ohiocasino.com,illegal
1126,coastalsportsbook.com,illegal
1127,www.pokermax.com,illegal
1128,fancode.com,illegal
1129,777.com,illegal
1130,betstars.com,illegal
1131,diamond7casino.com,illegal
1132,lottoland.eu,illegal
1133,www.playnow.com,illegal
1134,gate777.com,illegal
1135,betquick.com,illegal
1136,nstra.pro,illegal
1137,www.sssbet.com,illegal
1138,www.ahacasino.com,illegal
1139,www.cc898.com,illegal
1140,bulletbets.com,illegal
1141,loadsabingo.com,illegal
1142,www.bovada.lv,illegal
1143,www.mrplay.com,illegal
1144,csgoempire.com,illegal
1145,danskespil.dk,illegal
1146,lutrija.co.me,illegal
1147,www.potsofluck.com,illegal
1148,frankfred.com,illegal
1149,www.betpack.com,illegal
1150,betqs.com,illegal
1151,www.sbobet.com,illegal
1152,www.jack-21.com,illegal
1153,hpbet.com,illegal
1154,diegocasino.com,illegal
1155,www.hpbet.com,illegal
1156,www.costagames.com,illegal
1157,www.casinobitco.in,illegal
1158,www.norskespilleautomater.com,illegal
1201,www.casinointense-slots.com,illegal
1202,link2bet.com,illegal
1203,gtbets.eu,illegal
1204,www.americasbookie.com,illegal
1205,www.parasino.com,illegal
1206,tempobet.com,illegal
1207,casinoeuro.com,illegal
1208,www.carbonsports.ag,illegal
1209,www.2winbet.gr,illegal
1210,espnsportsbook.com,illegal
1211,playbet.com,illegal
1212,www.dhoze.com,illegal
1213,pokermax.com,illegal
1214,www.sportsbook.ca,illegal
1215,www.fanduel.com,illegal
1216,gossipbingo.com,illegal
1217,www.ohmbet.com,illegal
1218,slots.888wetten.de,illegal
1219,hellocasino.com,illegal
1220,www.wixstars.com,illegal
1221,www.betklass.com,illegal
1222,sirjackpot.com,illegal
1223,nitrogensports.eu,illegal
1224,goldmedalbingo.com,illegal
1225,www.betswar.com,illegal
1226,www.dantoto.dk,illegal
1227,markjarvisbet.com,illegal
1228,potsofluck.com,illegal
1229,fanfight.com,illegal
1230,bookmaker7.com,illegal
1231,ifortuna.cz,illegal
1232,cc898.com,illegal
1233,www.betbigdollar.com,illegal
1234,csgolounge.com,illegal
1235,www.coastalsportsbook.com,illegal
1236,www.seabet.com,illegal
1237,norsk-tipping.no,illegal
1238,bovada.lv,illegal
1239,bgo.com,illegal
1240,www.jumbabet.com,illegal
1241,duelz.com,illegal
1242,www.svedalacasino.com,illegal
1243,realdealbet.com,illegal
1244,cashmio.com,illegal
1245,efirbet.com,illegal
1246,www.scandibet.com,illegal
1247,www.724sports.com,illegal
1248,sportsspread.com,illegal
1249,csgoluckywheel.com,illegal
1250,zebrabet.com.au,illegal
1251,www.primecaptain.com,illegal
1252,www.betclock.com,illegal
1253,www.betplay.com,illegal
1254,lotto-thueringen.de,illegal
1255,pointcasino.com,illegal
1256,livebingo.com,illegal
1257,www.10bet.co.uk,illegal
1258,www.centrebet.com,illegal
1259,www.csgochips.com,illegal
1260,www.ibet789.com,illegal
1261,www.esportsbetting.com,illegal
1262,yakocasino.com,illegal
1263,www.livebetting.com,illegal
1264,barbadoscasino.com,illegal
1265,www.getabet.com,illegal
1266,www.snabbare.com,illegal
1267,spinstation.com,illegal
1268,www.sportsspread.com,illegal
1301,ibetcasino.com,illegal
1302,gamdom.com,illegal
1303,www.justcasino.com,illegal
1304,www.casinoeuro.com,illegal
1305,redkings.com,illegal
1306,www.yeticasino.com,illegal
1307,postcodeloterij.nl,illegal
1308,www.magicred.com,illegal
1309,180bets.com,illegal
1310,www.pokerstars.eu,illegal
1311,www.coolbet.com,illegal
1312,www.csgoace.com,illegal
1313,docbet.com,illegal
1314,hanplayer.com,illegal
1315,www.spinrider.com,illegal
1316,loonybingo.com,illegal
1317,betfirst-en.dhnet.be,illegal
1318,www.bamasportsbook.com,illegal
1319,www.nationallottery.co.za,illegal
1320,www.rush777.com,illegal
1321,sports.partypoker.com,illegal
1322,www.bettrojan.com,illegal
1323,omniacasino.com,illegal
1324,legolas.bet,illegal
1325,turbico.com,illegal
1326,bet365.com,illegal
1327,drueckglueck.com,illegal
1328,www.nationale-loterij.be,illegal
1329,www.luckycreek.com,illegal
1330,playsugarhouse.com,illegal
1331,www.actionbets.com,illegal
1332,888sport.com,illegal
1333,dlb.lk,illegal
1334,www.bgo.com,illegal
1335,www.mexicocasino.com,illegal
1336,sbobet.com,illegal
1337,www.lldj.com,illegal
1338,www.super8casino.com,illegal
1339,www.betus.com.pa,illegal
1340,nlotto.co.kr,illegal
1341,www.skinduel.com,illegal
1342,www.miamicasino.com,illegal
1343,nyspins.com,illegal
1344,csgospeed.com,illegal
1345,marathonbet.com,illegal
1346,mrslot.com,illegal
1347,www.ksbingo.com,illegal
1348,herobet.com.br,illegal
1349,gamerjackpot.com,illegal
1350,bettvs.com,illegal
1351,www.gamebookers.com,illegal
1352,csgo-raffle.com,illegal
1353,2betesi.com,illegal
1354,www.dadobet.com,illegal
1355,cupcakebingo.com,illegal
1401,www.betodds.ag,illegal
1402,online.singaporepools.com,illegal
1403,www.optionsports.com,illegal
1404,www.irisheyesbet.com,illegal
1405,www.nederlandseloterij.nl,illegal
1406,lowvig.ag,illegal
1407,veikkaus.fi,illegal
1408,alphadraft.com,illegal
1409,noaccountcasino.com,illegal
1410,superlenny.com,illegal
1411,www.12bet.com,illegal
1412,www.zebrabet.com.au,illegal
1413,www.casinostugan.com,illegal
1414,svedalacasino.com,illegal
1415,palmerbet.com,illegal
1416,www.topsport.com.au,illegal
1417,loterija.si,illegal
1418,www.lightbet.com,illegal
1419,ahacasino.com,illegal
1420,betamerica.com,illegal
1421,fun88.co.uk,illegal
1422,mrringo.com,illegal
1423,olg.ca,illegal
1424,casinotown.se,illegal
1425,www.bettropics.com,illegal
1426,bet2875.com,illegal
1427,expekt.com,illegal
1428,www.sirjackpot.com,illegal
1429,bet1128.com,illegal
1430,in.casinoeuro.com,illegal
1431,sloty.com,illegal
1432,majorbet.net,illegal
1433,www.90dakika.com,illegal
1434,promo.ladbrokes.com,illegal
1435,www.opcrates.com,illegal
1436,tabgold.co.za,illegal
1437,csgochance.com,illegal
1438,1stlines.com,illegal
1439,bigbetworld.com,illegal
1440,costagames.com,illegal
1441,www.ironbet.com,illegal
1442,22betpartners.com,illegal
1443,www.svenskaspel.se,illegal
1444,www.betusa.ag,illegal
1445,www.casino.org,illegal
1446,www.bet2875.com,illegal
1447,www.betstars.uk,illegal
1448,strikewin.com,illegal
1449,www.ahtigames.com,illegal
1450,www.betphoenix.ag,illegal
1451,www.vitalbet.com,illegal
1452,www.triobet.com,illegal
1453,www.jinglebingo.com,illegal
1454,www.10bet.com,illegal
1455,gentingcasino.com,illegal
1456,sportsbooks.com,illegal
1457,bola88.com,illegal
1458,www.sectorbet.com,illegal
1501,www.pokerstarscasino.uk,illegal
1502,www.justforbettors.com,illegal
1503,bookmaker.eu,illegal
1504,bet2290.com,illegal
1505,www.betextratime.com,illegal
1506,saturnplay.com,illegal
1507,canadasbookie.com,illegal
1508,cgaming.olg.ca,illegal
1509,csgowheel.com,illegal
1510,ksbingo.com,illegal
1511,laspalmassportsbook.com,illegal
1512,www.casinony.com,illegal
1513,vitalbet.com,illegal
1514,www.digibet.com,illegal
1515,www.lsbet.com,illegal
1516,oddsmaker.ag,illegal
1517,www.1xbet.com,illegal
1518,csgowealth.com,illegal
1519,www.desertnightscasino.co.uk,illegal
1520,eurobet.bg,illegal
1521,cbmsport.com,illegal
1522,www.realdealbet.com,illegal
1523,www.wwin.ba,illegal
1524,ibet789.com,illegal
1525,galaxysports.com,illegal
1526,www.betandclick.com,illegal
1527,dunder.com,illegal
1528,www.planetofbets.com,illegal
1529,dantoto.dk,illegal
1530,www.goldmedalbingo.com,illegal
1531,thelotter.com,illegal
1532,geoff-banks.com,illegal
1533,lotto.web.de,illegal
1534,casumo.com,illegal
1535,www.csgowheel.com,illegal
1536,www.pointcasino.com,illegal
1537,www.betorca.com,illegal
1538,betdon.com,illegal
1539,lotto.de,illegal
1540,divabingo.com,illegal
1541,www.bestcasino.com,illegal
1542,www.espnsportsbook.com,illegal
1543,www.middlebet.com,illegal
1544,casino.synottip.cz,illegal
1545,cherryjackpot.com,illegal
1546,bobregister.com,illegal
1547,www.mobilautomaten.com,illegal
1548,www.betbanks.com,illegal
1549,www.betlm.eu,illegal
1550,loquaxbingo.co.uk,illegal
1551,www.mybookie.ag,illegal
1552,naijabet.com,illegal
1553,topodds.com.au,illegal
1554,www.mrgreen.com,illegal
1555,www.bet-52.com,illegal
1556,macauslot.com,illegal
1557,matchbook.com,illegal
1558,majorsportsbetting.com,illegal
1559,www.88asia88.com,illegal
1560,promotions.superslots.ag,illegal
1561,www.betaland.com,illegal
1562,betowi.com,illegal
1601,betworks.com,illegal
1602,zenitbet.com,illegal
1603,www.sazka.cz,illegal
1604,www.betway.com,illegal
1605,www.pridmorebookmakers.com,illegal
1606,www.ebetusa.com,illegal
1607,mrwin.com,illegal
1608,betuniq.eu,illegal
1609,www.williamhill.com,illegal
1610,www.azcasino.com,illegal
1611,betextratime.com,illegal
1612,middlebet.com,illegal
1613,multipasko.pl,illegal
1614,www.loquaxbingo.co.uk,illegal
1615,www.dinobingo.com,illegal
1616,www.swedencasino.se,illegal
1617,merkur24.com,illegal
1618,www.jetwin.com,illegal
1619,www.gunnersgaming.com,illegal
1620,www.betqs.com,illegal
1621,www.statusbet.com,illegal
1622,offsidebet.com,illegal
1623,betanysports.eu,illegal
1624,csgoblackjack.com,illegal
1625,mobil6000.com,illegal
1626,www.glimmercasino.com,illegal
1627,colossusbets.com,illegal
1628,sportsbook.com,illegal
1629,sportsbook.ca,illegal
1630,www.taiwanlottery.com.tw,illegal
1631,www.wgh.ag,illegal
1632,sverigecasino.com,illegal
1633,karhukasino.com,illegal
1634,www.buckandbutler.com,illegal
1635,diamondreels.com,illegal
1636,betmania.ag,illegal
1637,fi.888casino.com,illegal
1638,intercasino.com,illegal
1639,www.betsbi.com,illegal
1640,betorca.com,illegal
1641,368bet.com,illegal
1642,724sports.com,illegal
1643,miamidicecasino.com,illegal
1644,ahtigames.com,illegal
1645,www.betflash.co.za,illegal
1646,www.bettheglobe.eu,illegal
1647,promotions.betsafe.com,illegal
1648,www.sportlife.com.mk,illegal
1649,royalpanda.com,illegal
1650,www.nightrush.com,illegal
1651,www.wagerallin.com,illegal
1652,lotto-sh.de,illegal
1653,olimp.com,illegal
1654,superbet.com,illegal
1655,444sports.com,illegal
1656,bettheglobe.eu,illegal
1657,contorabet.com,illegal
1658,www.flumecasino.com,illegal
1701,globalwagering.ws,illegal
1702,www.gate777.com,illegal
1703,www.saturnplay.com,illegal
1704,www.unibet.com,illegal
1705,netbet.de,illegal
1706,www.casinsi.com,illegal
1707,betadria.com,illegal
1708,bettingworld.co.za,illegal
1709,www.vernons.com,illegal
1710,jaxx.com,illegal
1711,playojo.com,illegal
1712,doribet.com,illegal
1713,bingostreet.com,illegal
1714,nederlandseloterij.nl,illegal
1715,voodoodreams.com,illegal
1716,loteries.lotoquebec.com,illegal
1717,metalcasino.com,illegal
1718,www.rajahbet.com,illegal
1719,www.funcasino.com,illegal
1720,mobilebet.com,illegal
1721,www.offsidebet.com,illegal
1722,www.loadsabingo.com,illegal
1723,flumecasino.com,illegal
1724,playolg.ca,illegal
1725,www.betsbc.com,illegal
1726,www.betxchange.co.za,illegal
1727,in.1x001.com,illegal
1728,mrjackpotspins.com,illegal
1729,www.cashpoint.com,illegal
1730,www.bet-at-home.com,illegal
1731,www.omniacasino.com,illegal
1732,www.csgoluckywheel.com,illegal
1733,www.gambling.com,illegal
1734,loterie.ma,illegal
1735,euroslots.com,illegal
1736,isportbet.net,illegal
1737,sporttime.net,illegal
1738,olybet.eu,illegal
1739,www.lotto-berlin.de,illegal
1740,tommyfrench.com,illegal
1741,csgoace.com,illegal
1742,cupcakebingo.co.uk,illegal
1743,nopeampi.com,illegal
1744,www.ladbrokes.com,illegal
1745,www.vegascrestcasino.ag,illegal
1746,www.sunbets.co.uk,illegal
1747,dreamvegas.com,illegal
1748,wagerallin.com,illegal
1749,www.betpci.com,illegal
1750,www.nitrogensports.eu,illegal
1751,bwin.com,illegal
1752,www.sportzbookz.com,illegal
1753,www.titanbet.com,illegal
1754,yeticasino.com,illegal
1755,legendsportsbook.com,illegal
1756,libertyslots.eu,illegal
1757,pridmorebookmakers.com,illegal
1758,www.betadria.com,illegal
1759,www.b-bets.com,illegal
1801,www.88sports.com,illegal
1802,www.sportstoto.com.my,illegal
1803,www.szerencsejatek.hu,illegal
1804,www.bobetting.com,illegal
1805,www.circusbingo.com,illegal
1806,www.easytowager.com,illegal
1807,betzest.com,illegal
1808,cashpoint.com,illegal
1809,www.csgolounge.com,illegal
1810,betplay.com,illegal
1811,letsbet.com,illegal
1812,www.368bet.com,illegal
1813,www.cafecasino.lv,illegal
1814,hollywoodsportsbook.eu,illegal
1815,www.pasarbola.com,illegal
1816,www.strikewin.com,illegal
1817,www.rolla.com,illegal
1818,www.grosvenorcasinos.com,illegal
1819,csgodouble.com,illegal
1820,mybookie.ag,illegal
1821,www.lotto.is,illegal
1822,www.21prive.com,illegal
1823,www.americascardroom.eu,illegal
1824,www.montecarlocasino.com,illegal
1825,bet-52.com,illegal
1826,allhorseracing.ag,illegal
1827,rolla.com,illegal
1828,actionbets.com,illegal
1829,www.kashmobet.com,illegal
1830,www.blackchippoker.eu,illegal
1831,betus.com.pa,illegal
1832,bettrojan.com,illegal
1833,www.canadasbookie.com,illegal
1834,www.e-stave.com,illegal
1835,www.skinprofit.com,illegal
1836,onlinecasino.de,illegal
1837,storspelare.com,illegal
1838,www.racebets.com,illegal
1839,www.refuelcasino.com,illegal
1840,axbet.com,illegal
1841,mrmobi.com,illegal
1842,katiesbingo.com,illegal
1843,www.bitstarz.com,illegal
1844,portail.lotoquebec.com,illegal
1845,www.betcostarica.ag,illegal
1846,luckylouis.com,illegal
1847,www.slots.lv,illegal
1848,www.barbadoscasino.com,illegal
1849,williamhill.com,illegal
1850,www.galaxysports.com,illegal
1851,chancehill.com,illegal
1852,chanz.com,illegal
1853,e-lotto.be,illegal
1854,ecuabet.com,illegal
1855,www.32redsport.com,illegal
1856,www.32red.com,illegal
1857,instantactionsports.com,illegal
1858,betmira.com,illegal
1859,www.verajohn.com,illegal
1860,bodugi.com,illegal
1861,www.casinoroom.com,illegal
1862,dielottozahlende.net,illegal
1863,www.galacasino.com,illegal
1864,www.22bet.com,illegal
1901,casino-pp.net,illegal
1902,healthlottery.co.uk,illegal
1903,esportscasino.com,illegal
1904,spinrider.com,illegal
1905,topsport.com.au,illegal
1906,www.livebingo.com,illegal
1907,www.bobregister.com,illegal
1908,www.national-lottery.co.uk,illegal
1909,www.diamond7casino.com,illegal
1910,www.topcatsports.ag,illegal
1911,championsbet.net,illegal
1912,dafabet.com,illegal
1913,www.playgrandcasino.com,illegal
1914,wagermadness.com,illegal
1915,hippobingo.com,illegal
1916,www.lutrija.co.me,illegal
1917,www.betrockit.com,illegal
1918,www.luckywinslots.com,illegal
1919,www.cloudbet.com,illegal
1920,elitebetkenya.com,illegal
1921,www.csgodices.com,illegal
1922,stakes.com,illegal
1923,www.7sultanscasino.com,illegal
1924,www.mansionbet.com,illegal
1925,betrally.com,illegal
1926,funcasino.com,illegal
1927,betrevolution.com,illegal
1928,www.csgo-casino.com,illegal
1929,www.loterie-nationale.be,illegal
1930,www.northbet.com,illegal
1931,www.igame.com,illegal
1932,www.playolg.ca,illegal
1933,miamicasino.com,illegal
1934,mychance.com,illegal
1935,lotto.gmx.net,illegal
1936,www.bestbettoday.com,illegal
1937,nlb.lk,illegal
1938,www.etipos.sk,illegal
1939,www.daisybingo.com,illegal
1940,www.fruitycasa.com,illegal
1941,www.postcodeloterij.nl,illegal
1942,luckymeslots.com,illegal
1943,gohorsebetting.ag,illegal
1944,norskespilleautomater.com,illegal
1945,www.karlcasino.com,illegal
1946,www.888sport.com,illegal
1947,www.sloty.com,illegal
1948,csgochips.com,illegal
1949,www.luxurycasino.com,illegal
1950,damacai.com.my,illegal
1951,americanfootballbetting.com,illegal
1952,uptownaces.eu,illegal
1953,gr88.com,illegal
1954,www.betline.com,illegal
1955,roaring21.com,illegal
1956,super8casino.com,illegal
1957,www.candyshopbingo.com,illegal
1958,5dimes.com,illegal
1959,playerzpot.com,illegal
1960,lotoquebec.com,illegal
1961,www.kingswaybingoonline.com,illegal
1962,www.csgodouble.com,illegal
1963,www.mrmobi.com,illegal
2001,www.healthlottery.co.uk,illegal
2002,www.synottip.cz,illegal
2003,galacasino.com,illegal
2004,www.1bet2bet.com,illegal
2005,fi.casiplay.com,illegal
2006,hughesbet.com,illegal
2007,www.betmania.ag,illegal
2008,www.contorabet.com,illegal
2009,saharabet.com,illegal
2010,www.mpl.live,illegal
2011,www.betstar.com.au,illegal
2012,www.ovocasino.com,illegal
2013,www.lottomax.ca,illegal
2014,www.lotto.web.de,illegal
2015,www.bet33.com,illegal
2016,bookmaker.com.au,illegal
2017,2betab.com,illegal
2018,www.butterflybingo.com,illegal
2019,betlm.eu,illegal
2020,www.divabingo.com,illegal
2021,sportzbookz.com,illegal
2022,casinogods.com,illegal
2023,www.johnslots.com,illegal
2024,www.casino-classic.eu,illegal
2025,www.betdsi.eu,illegal
2026,www.bestecasino.com,illegal
2027,www.isportbet.net,illegal
2028,home.olg.ca,illegal
2029,www.dafabet.com,illegal
2030,www.sportsbookreview.com,illegal
2031,www.yakocasino.com,illegal
2032,www.betspawn.com,illegal
2033,www.dealerscasino.com,illegal
2034,www.luckland.com,illegal
2035,www.lmbookmaker.com,illegal
2036,www.sporttime.net,illegal
2037,www.tempobet.com,illegal
2038,www.csgo-raffle.com,illegal
2039,kirsikka.com,illegal
2040,www.slots.com,illegal
2041,ttr.casino,illegal
2042,24bettle.com,illegal
2043,justcasino.com,illegal
2044,sveacasino.se,illegal
2045,sportlife.com.mk,illegal
2046,videoslots.com,illegal
2047,www.csgostakes.com,illegal
2048,www.betgolf.com.au,illegal
2049,www.texascasino.com,illegal
2050,betsafe.com,illegal
2051,www.bingostreet.com,illegal
2052,www.redkings.com,illegal
2053,www.netbet.com,illegal
2054,www.dialabet.com.au,illegal
2055,www.majorsportsbetting.com,illegal
2056,hawaiicasino.com,illegal
2057,betcapri.com,illegal
2058,super88.club,illegal
2059,www.bet.co.za,illegal
2060,www.vandersports.com,illegal
2061,www.completesportsbetting.com.au,illegal
2062,www.letsbet.com,illegal
2063,www.juicystakes.eu,illegal
2064,totalbets.com,illegal
2065,unibet.com.au,illegal
2101,www.bethard.com,illegal
2102,www.laspalmassportsbook.com,illegal
2103,www.paf.com,illegal
2104,csgo-casino.com,illegal
2105,winmasters.com,illegal
2106,www.hunkybingo.com,illegal
2107,amcleanbookmakers.com,illegal
2108,www.lotenal.gob.mx,illegal
2109,cmkt.dafapromo.com,illegal
2110,bubblebonusbingo.com,illegal
2111,www.spreadex.com,illegal
2112,topwin.cc,illegal
2113,sportingindex.com,illegal
2114,www.allstarsportsbook.com,illegal
2115,www.hellocasino.com,illegal
2116,www.wagermadness.com,illegal
2117,loto.ro,illegal
2118,www.krugerbets.com,illegal
2119,loonybingo.co.uk,illegal
2120,betdaq.com,illegal
2121,www.goalbetint.com,illegal
2122,www.naijabet.com,illegal
2123,www.e-lotto.be,illegal
2124,www.slotsmagic.com,illegal
2125,www.usbetting.co.za,illegal
2126,betbanks.com,illegal
2127,www.betprimetime.com,illegal
2128,www.gossipbingo.com,illegal
2129,karlcasino.com,illegal
2130,www.betzest.com,illegal
2131,www.orlandocasino.com,illegal
2132,betsocial.net,illegal
2133,goalbetint.com,illegal
2134,betxchange.co.za,illegal
2135,staatsloterij.nederlandseloterij.nl,illegal
2136,krugerbets.com,illegal
2137,www.skinhunt.com,illegal
2138,www.luckyland.co.uk,illegal
2139,jenningsbet.com,illegal
2140,fr.royalvegascasino.com,illegal
2141,www.betquick.com,illegal
2142,casimba.com,illegal
2143,www.ttr.casino,illegal
2144,win2day.at,illegal
2145,www.bet-csgo.com,illegal
2146,www.topodds.com.au,illegal
2147,www.indycasino.com,illegal
2148,www.olg.ca,illegal
2149,slotsmagic.com,illegal
2150,www.betcoin.ag,illegal
2151,johnslots.com,illegal
2152,golazobet.com,illegal
2153,www.dreamjackpot.com,illegal
2154,www.bubblebonusbingo.com,illegal
2155,www.morganbet.eu,illegal
2156,blitzpools.com,illegal
2157,www.lotto.de,illegal
2201,www.rubet.com,illegal
2202,www.gotocasino.com,illegal
2203,www.nlotto.co.kr,illegal
2204,www.superslots.ag,illegal
2205,join.casino.com,illegal
2206,igame.com,illegal
2207,www.tipico.com,illegal
2208,ridika.com,illegal
2209,betandclick.com,illegal
2210,dinobingo.com,illegal
2211,fdj.fr,illegal
2212,reddogcasinobonuses.com,illegal
2213,www.betworks.com,illegal
2214,www.redspins.com,illegal
2215,www.emeraldbet.com,illegal
2216,www.gentingcasino.com,illegal
2217,www.spinstation.com,illegal
2218,hrwager.ag,illegal
2219,gunnersgaming.com,illegal
2220,www.voodoodreams.com,illegal
2221,unibet.com,illegal
2222,www.casilando.com,illegal
2223,allstarsportsbook.com,illegal
2224,norskeautomater.com,illegal
2225,suomikasino.com,illegal
2226,texascasino.com,illegal
2227,www.betanysports.eu,illegal
2228,betcave.com,illegal
2229,seabet.com,illegal
2230,www.luckyniki.com,illegal
2231,latloto.lv,illegal
2232,balkanbet.co.rs,illegal
2233,www.mpi.gov.tr,illegal
2234,www.csgoparty.com,illegal
2235,www.betpop.eu,illegal
2236,betklass.com,illegal
2237,swedencasino.com,illegal
2238,www.betonline.ag,illegal
2239,www.maxitip.cz,illegal
2240,wwin.com,illegal
2241,louisvillecasino.com,illegal
2242,www.666casino.com,illegal
2243,www.betepic.com,illegal
2244,ebetusa.com,illegal
2245,www.betmylines.com,illegal
2246,www.olybet.com,illegal
2247,betbyrne.com,illegal
2248,www.betcapri.com,illegal
2249,playfrank.com,illegal
2250,www.giocoreale.com,illegal
2251,www.betmclean.com,illegal
2252,www.casinolasvegas.no,illegal
2253,www.superlenny.com,illegal
2254,wager7.eu,illegal
2255,www.sportfanatik.com,illegal
2301,www.wager123.com,illegal
2302,betclock.com,illegal
2303,bodog.eu,illegal
2304,www.noaccountcasino.com,illegal
2305,www.betbright.com,illegal
2306,cheekywin.com,illegal
2307,buckandbutler.com,illegal
2308,odinbet.com,illegal
2309,mansionbet.com,illegal
2310,www.lotto.gmx.net,illegal
2311,www.islandcasino.com,illegal
2312,www.oddsring.com,illegal
2313,www.gamerjackpot.com,illegal
2314,www.bookmaker7.com,illegal
2315,intertops.eu,illegal
2316,betland.com,illegal
2317,www.tommyfrench.com,illegal
2318,www.majorbet.net,illegal
2319,pasarbola.com,illegal
2320,www.loonybingo.co.uk,illegal
2321,freakyvegas.com,illegal
2322,www.csgobooth.com,illegal
2323,www.ignitioncasino.eu,illegal
2324,sportodds.com,illegal
2325,www.sportsbooks.com,illegal
2326,www.lotterien.at,illegal
2327,www.costabingo.com,illegal
2328,www.winamax.fr,illegal
2329,www.betmira.com,illegal
2330,skinduel.com,illegal
2331,www.csgoreaper.com,illegal
2332,www.tomwaterhouse.com,illegal
2333,www.dunder.com,illegal
2334,sirbobet.com,illegal
2335,www.betcascade.com,illegal
2336,www.katiesbingo.com,illegal
2337,www.betcave.com,illegal
2338,www.storspelare.com,illegal
2339,dotball.com,illegal
2340,mobilautomaten.com,illegal
2341,www.betgun.com,illegal
2342,www.offtrackbetting.com,illegal
2343,www.skedina.com,illegal
2344,hunkybingo.com,illegal
2345,www.veikkaus.fi,illegal
2346,www.esportscasino.com,illegal
2347,www.casino-pp.net,illegal
2348,citybingo.com,illegal
2349,www.sirbobet.com,illegal
2350,www.sverigeautomaten.com,illegal
2351,bettingexpress.com,illegal
2352,1x2plus.com,illegal
2353,www.hawaiicasino.com,illegal
2354,swedencasino.se,illegal
2355,national-lottery.co.uk,illegal
2356,vwin.com,illegal
2357,dealerscasino.com,illegal
2358,atg.se,illegal
2359,islandcasino.com,illegal
2360,wager123.com,illegal
2401,worldwidegamble.com,illegal
2402,www.vegascasinoonline.eu,illegal
2403,www.macauslot.com,illegal
2404,casinoandfriends.com,illegal
2405,www.totobet24.com,illegal
2406,skinhunt.com,illegal
2407,skybook.ag,illegal
2408,irisheyesbet.com,illegal
2409,csgopull.com,illegal
2410,www.betstars.com,illegal
2411,sports.bwin.com,illegal
2412,szerencsejatek.hu,illegal
2413,casinoheroes.com,illegal
2414,www.bwin.com,illegal
2415,csgostakes.com,illegal
2416,www.luckycharmbingo.com,illegal
2417,betfred.com,illegal
2418,sports.intertops.eu,illegal
2419,1bet2bet.com,illegal
2420,ohmbet.com,illegal
2421,caribsports.com,illegal
2422,szuperlotto.com,illegal
2423,www.pocketvegas.co.uk,illegal
2424,gutshot.com,illegal
2425,betbright.com,illegal
2426,www.ezbets.ag,illegal
2427,www.olybet.eu,illegal
2428,candisbingo.co.uk,illegal
2429,bgbet.com,illegal
2430,csgo777.com,illegal
2431,www.superbook.ag,illegal
2432,betcc.com,illegal
2433,optionsports.com,illegal
2434,doxxbet.com,illegal
2435,livelounge.com,illegal
2436,racebets.com,illegal
2437,www.megalotto.pl,illegal
2438,www.gobetgo.com,illegal
2439,lotterien.at,illegal
2440,www.jammyduck.com,illegal
2441,www.1x2plus.com,illegal
2442,www.netbet.fr,illegal
2443,rajahbet.com,illegal
2444,luckywinslots.com,illegal
2445,wagerweb.ag,illegal
2446,bet-csgo.com,illegal
2447,www.royrichie.com,illegal
2448,merkur-casino.de,illegal
2449,www.bookmaker.com.au,illegal
2450,www.wagerweb.eu,illegal
2451,coolbet.com,illegal
2452,olgslotsandcasinos.ca,illegal
2453,www.cashiopeia.com,illegal
2454,topcatsports.ag,illegal
2455,betngo.com,illegal
2456,www.takarakuji-official.jp,illegal
2457,www.betamerica.com,illegal
2458,slotplanet.com,illegal
2459,topplay.cc,illegal
2460,www.justbet.cx,illegal
2461,www.dielottozahlende.net,illegal
2462,tomwaterhouse.com,illegal
